{
    "name": "token-hotbar",
    "title": "Token Hotbar",
    "description": "...",
    "author": "Stan",
    "version": "1.0.0",
    "minimumCoreVersion": "0.9.0",
    "esmodules": [
        "./index.mjs"
    ],
    "languages": [
        { "lang": "de", "name": "Deutsch (German)", "path": "lang/de.json" },
        { "lang": "en", "name": "English", "path": "lang/en.json" },
        { "lang": "es", "name": "Español (Spanish)", "path": "lang/es.json" },
        { "lang": "fr", "name": "Français (French)", "path": "lang/fr.json" },
        { "lang": "ja", "name": "日本語 (Japanese)", "path": "lang/ja.json" },
        { "lang": "ko", "name": "한국어 (Korean)", "path": "lang/ko.json" },
        { "lang": "nl", "name": "Nederlands (Dutch)", "path": "lang/nl.json" },
        { "lang": "pl", "name": "Polski (Polish)", "path": "lang/pl.json" },
        { "lang": "pt-BR", "name": "Português (Brasil)", "path": "lang/pt-BR.json" },
        { "lang": "ro", "name": "Romănă (Romanian)", "path": "lang/ro.json" },
        { "lang": "zh-HANS", "name": "中文（简体）(Chinese)", "path": "lang/zh-HANS.json" }
    ]
}
